<?xml version="1.0" encoding="UTF-8"?>
<rules
    xmlns="http://namespaces.plone.org/diazo"
    xmlns:css="http://namespaces.plone.org/diazo/css"
    xmlns:xsl="http://www.w3.org/1999/XSL/Transform"
    >

    <!-- Head: title -->
    <replace theme="/html/head/title" content="/html/head/title" />

    <!-- Base tag -->
    <replace theme="/html/head/base" content="/html/head/base" />
	
	<!-- meta tag -->
    <replace theme="/html/head/meta" content="/html/head/meta" />

    <!-- Drop styles in the head - these are added back by including them from Plone -->
    <!--
    <drop theme="/html/head/link" />
    <drop theme="/html/head/style" />
    -->

    <!-- Pull in Plone CSS -->
    <!-- append theme="/html/head" content="/html/head/link | /html/head/style " / -->
	<before content='/html/head' theme='/html/head' />

    <!-- Pull in Plone JS -->
    <!-- after theme-children="/html/head" content="/html/head/script" / -->

    <!-- Body class -->
	<copy attributes="class" css:theme="body" css:content="body"/>
	
	<!-- header -->
    <copy attributes="href" css:theme="#logo a" css:content="#portal-logo" />
	<!-- copy site title in place of logo theme -->
	<replace css:theme-children="#logo h1 a span">
		<xsl:for-each css:select="a#portal-logo">
		  <xsl:value-of select="@title" />
		</xsl:for-each>
	</replace>
	<drop css:theme="#logo p"/>
	<drop attributes="id" css:content="#portal-globalnav" />
	<replace css:theme-children="#menu" css:content="#portal-globalnav"  />
	
	<!-- search -->
	<replace css:theme-children="#search" css:content="#portal-searchbox" />
	
    <!-- Replace main content -->
	
    <replace css:theme="#content" css:content="#portal-columns" />
	     
<!--  content -->
<!--    
	<drop css:theme=".post"/>
    <prepend css:theme="#page-bgbtm" css:content="#edit-bar" />
    <prepend css:theme="#fcontent" css:content=".portalMessage" />
    <prepend css:theme="#fcontent" css:content="#viewlet-above-content" />
    <prepend css:theme="#fcontent" css:content="#content"/>
    <prepend css:theme="#fcontent" css:content="#viewlet-below-content" />
-->

<!-- side bar -->
    <drop css:theme="#sidebar ul"/>
<!--
    <append css:content='#portal-column-one .portletWrapper' css:theme='#sidebar' />
    <append css:content='#portal-column-one .managePortletsLink' css:theme='#sidebar' />
    <append css:content='#portletmanager-plone-leftcolumn' css:theme='#sidebar' />
    <append css:content='#portlet-prefs' css:theme="#sidebar"/>
-->

    <!-- login & co -->
    <prepend css:theme="#wrapper" css:content="#portal-personaltools-wrapper" />

    <!-- colophon -->
    <replace css:theme-children="#footer" css:content-children=".colophonWrapper" />
	
	<!-- footer -->
	<replace css:theme="#column2 h2">
	    <h2>Credits</h2>
		<p>Theme by <a href="http://www.freecsstemplates.org/"> CSS Templates</a>, Plone integration by Nekorin</p>
	</replace>
	<drop css:theme="#column2 p" />
	<append css:theme="#column2" css:content-children="#portal-footer" />
	
	<!-- site actions -->
    <replace css:theme="#column1 h2">
        <h2>Links</h2>
    </replace>
	<replace css:theme-children="#column1 ul" css:content="#portal-siteactions li" />
	
</rules>
