<?xml version="1.0" encoding="UTF-8"?>
<rules
    xmlns="http://namespaces.plone.org/diazo"
    xmlns:css="http://namespaces.plone.org/diazo/css"
    xmlns:xi="http://www.w3.org/2001/XInclude"
    xmlns:xsl="http://www.w3.org/1999/XSL/Transform"
    >

    <!--
    <notheme if="..." />
    -->

    <!-- Use different theme if we are on News section -->
        <theme href="index.html" css:if-content="#visual-portal-wrapper" />

        <rules css:if-content="#visual-portal-wrapper">
            <!-- Stuff that happens on all pages -->
            <xi:include href="rules-standard.xml" />

            <!-- Stuff that happens on Plone's Documents (standard pages) only -->
            <!--
			<rules css:if-content="body.portaltype-document">
               <xi:include href="rules-document.xml" />
            </rules>
			-->

            <!-- debug
            <before css:theme-children="body">
                <span class="info">This is the <xsl:value-of select="$path" /> site</span>
            </before>
            -->
        </rules>

</rules>
